Victim Name,Group Name,Date Published,Country,Description,Website,Activity,Post URL,Discovered,is_k12
Broward County Public Schools,conti,2021-03-01 00:00:00.000000,US,,,Education Facilities,,2021-03-01 00:00:00.000000,True
Visalia Unified School District,ryuk,2021-05-18 00:00:00.000000,US,,,Education Facilities,,2021-05-18 00:00:00.000000,True
Clover Park School District,grief,2021-05-26 00:00:00.000000,US,,,Education Facilities,,2021-05-26 00:00:00.000000,True
Lancaster Independent School District,grief,2021-06-09 00:00:00.000000,US,,,Education Facilities,,2021-06-09 00:00:00.000000,True
Booneville School District,grief,2021-06-30 00:00:00.000000,US,,,Education Facilities,,2021-06-30 00:00:00.000000,True
Altoona Area School District,quantum,2022-02-02 22:19:08.461959,US,"Altoona Area School District serves K-12th grade students and is located in Altoona, PA.",,Education,,2022-02-02 22:19:08.461959,True
Service Employees' International Union,quantum,2022-04-12 12:16:37.584774,US,"SEIU represents approximately 100,000 members. SEIU represents members who work for school boards, home care agencies, hospitals, special care homes, retirement homes, emergency services, social services, and municipalities, among many others",,Public Service,,2022-04-12 12:16:37.584774,True
Camden City School District,quantum,2022-04-20 04:36:39.513430,US,Camden City School District,,Education,,2022-04-20 04:36:39.513430,True
SIUMED.EDU,clop,2022-12-22 20:02:25.553618,US,SIU School of Medicine Home - SIU School of Medicine,,,http://santat7kpllt6iyvqbr7q4amdv6dzrh6paatvyrzl7ry3zm72zigf4ad.onion/siumed-edu,2022-12-22 20:02:25.553618,True
bethrivkah.edu,lockbit3,2023-02-03 04:05:35.561659,US,"Founded in 1941 by the previous Lubavitcher Rebbe, Rabbi Yosef I. Schneerson, and led by Rebbe Menachem Mendel Schneerson, Bet Rivka was the world's first Hasidic school for girls. Today, Beth Rivkah has over 2,000 students enrolled in our preschool...",bethrivkah.edu,,,2023-02-03 04:05:35.561659,True
Tucson Unified School District,royal,2023-02-10 13:36:35.232743,US,"Education · Arizona, United States · 6,208 EmployeesFounded in 1867, the Tucson Unified School District is headquartered in Tucson, Arizona.",www.tusd1.org,,,2023-02-10 13:36:35.232743,True
DALLAS SCHOOL DISTRICT,royal,2023-02-20 01:02:03.456789,US,"Dallas School District is centered on students, powered by collaboration, built on equity and driven by excellence.Headquarters: 111 SW Ash St, Dallas, Oregon, 97338, United StatesPhone: (503) 623-5594",www.dallas.k12.or.us,,,2023-02-20 13:38:50.860953,True
sbhc.us,lockbit3,2023-04-19 10:12:00.000000,US,"Southwest Behavioral Health Center (SBHC), created in 1986, is a public provider of comprehensive, integrated mental health and addiction services, offering outpatient, residential, school-based, and community-based programs and services to individua...",sbhc.us,,http://lockbitapt5x4zkjbcqmz6frdhecqqgadevyiwqxukksspnlidyvd7qd.onion/post/MHq5IrfbayYEKhHE643fbe8a8c081,2023-04-19 10:48:27.856095,True
NASHUA SCHOOL DISTRICT,royal,2023-05-18 01:02:03.456789,US,"The Nashua, New Hampshire School District is a city of 88,000 residents with much to offer. Most notably, the City has a long tradition of supporting public education, both with resources and volunteers. The School District doesn't need it's 728GB of data containing SSNs, passports, forms with personal data both of employees and students. Confidential document and a crazy amount of databases will be uploaded here as well. Stay in touch. ",www.nashua.edu,,http://royal4ezp7xrbakkus3oofjw6gszrohpodmdnfbe5e4w3og5sm7vb3qd.onion/TgLaULsbGIEIFx8feCqrCHQZU6TuvnWK,2023-05-18 12:56:25.693518,True
pittsburg.k12.ca.us,lockbit3,2023-06-06 20:42:00.000000,US,"Pittsburg Unified School District is a public school district based in Contra Costa County, California, United States.usd250.k12.ks.us\sql_admin:PeekABoo",pittsburg.k12.ca.us,,http://lockbitapt5x4zkjbcqmz6frdhecqqgadevyiwqxukksspnlidyvd7qd.onion/post/etOnPHV85tYInto2647f9a2568287,2023-06-06 21:53:30.081128,True
UMASSMED.EDU,clop,2023-07-10 19:48:02.702532,US,UMass Chan Medical School ,www.UMASSMED.EDU,,http://santat7kpllt6iyvqbr7q4amdv6dzrh6paatvyrzl7ry3zm72zigf4ad.onion/umassmed-edu,2023-07-10 19:48:02.702569,True
Braintree Public Schools,royal,2023-07-19 01:02:03.456789,US,"Braintree Public Schools is an independent public school district which serves the kindergarten through high school educational needs of the city of Braintree, Massachusetts and the surrounding areas. ",www.braintreema.gov,,http://royal4ezp7xrbakkus3oofjw6gszrohpodmdnfbe5e4w3og5sm7vb3qd.onion/NotHkWtvctq3b4QOGJ3kYs46VE4cSuYY,2023-07-19 14:46:59.790838,True
pointpleasant.k12.nj.us,lockbit3,2023-08-03 15:21:00.000000,US,Point Pleasant Borough School District,pointpleasant.k12.nj.us,,http://lockbitapt2d73krlbewgv27tquljgxr33xbwwsp6rkyieto7u4ncead.onion/post/Z77dYGsHyMYA7Sp864cbc5ef07a78,2023-08-03 16:06:44.057725,True
Emerson School District,medusa,2023-08-08 07:39:43.123450,US,"The Emerson School District is a comprehensive community public school district that serves students in pre-kindergarten through twelfth grade from Emerson, in Bergen County, New Jersey, United States. There are currently about 1,200 students enrolled in the school district.",emerson.k12.nj.us,,http://medusaxko7jxtrojdkxo66j7ck4q5tgktf7uqsqyfry4ebnxlcbkccyd.onion/detail?id=ae08533ecf25bd1cf2e811e85ab0912d,2023-08-08 08:47:15.567506,True
Danbury Public Schools,cryptbb,2023-08-01 00:00:00.000000,US,"Danbury Public Schools is a school district headquartered in Danbury, Connecticut. In 2006 Eddie Davis retired from being superintendent. Salvatore Pascarella succeeded Davis that year.https://www.danbury.k12.ct.us/",danbury.k12.ct.us,,http://basemmnnqwxevlymli5bs36o5ynti55xojzvn246spahniugwkff2pad.onion/company/7890201,2023-09-15 22:31:27.395732,True
Marlboro Township Public School,losttrust,2023-09-26 11:10:14.417659,US,"The Marlboro Township School District is a community public school district that serves students in pre-kindergarten through eighth grade in Marlboro Township in Monmouth County, New Jersey, United States. The district is classified by the New Jersey Department of Education as being in District Factor Group ""I"", the second-highest of eight groupings. District Factor Groups organize districts statewide to allow comparison by common socioeconomic characteristics of the local districts. From lowest socioeconomic status to highest, the categories are A, B, CD, DE, FG, GH, I and J",www.mtps.org,,,2023-09-26 11:10:14.417679,True
Henry County Schools,blacksuit,2023-12-05 02:41:18.416524,US,"Henry County Schools operates high schools, middle schools, and elementary schools throughout the state of Georgia.",www.henry.k12.ga.us,,http://weg7sdx54bevnvulapqu6bpzwztryeflq3s23tegbmnhkbpqz637f2yd.onion/?id=NSOFzDNyglGcgUzP,2023-12-05 02:41:18.416548,True
The Glendale Unified School District,medusa,2023-12-11 04:00:10.123450,US,"The Glendale Unified School District is a school district based in Glendale, California, United States. It consists of 20 elementary schools, 4 middle schools, 4 high schools and 3 facilities for homeschoolers and special-needs students.It currently has about 20,000 students",gusd.net,,http://medusaxko7jxtrojdkxo66j7ck4q5tgktf7uqsqyfry4ebnxlcbkccyd.onion/detail?id=4029d5386c614d7d2e9e73a85b866942,2023-12-11 05:40:35.397969,True
Kershaw County School District,blacksuit,2024-01-03 19:06:08.762538,US,"Nestled in the heart of the Palmetto State, the Kershaw County School District is home to almost 10,000 students and over 1,300 employees in 20 schools",kcsdschools.net,Public Sector,http://weg7sdx54bevnvulapqu6bpzwztryeflq3s23tegbmnhkbpqz637f2yd.onion/?id=5P0PSKABN9LpRvzM,2024-01-03 19:06:08.762568,True
Van Buren Public Schools,akira,2024-01-08 17:42:46.127692,US,"The Van Buren Public Schools is a school district headquartered in Belleville, Michigan. A lot of files with information about students and their parents, HR information, accounting and other files.",vanburenschools.net,Public Sector,,2024-01-08 17:42:46.201227,True
Washington School For The Deaf,incransom,2024-01-12 11:48:16.301933,US,ESTABLISHED IN 1886 Washington School for the Deaf is the state of Washington’s only ASL-English bilingual school serving deaf and hard or hearing students in Pre-K through 12th grade.WSD’s...,wsd.wa.gov,Public Sector,http://incapt.blog/blog/leak/14136BB1D6BEC8B0,2024-01-12 11:48:16.361772,True
shenandoahtx.us,lockbit3,2024-01-21 22:48:00.000000,US,"Shenandoah is a city in Montgomery County, Texas, United States. Its population was 3,499 at the 2020 census. It is the hometown of David Vetter, the famous ""boy in the plastic bubble"". In 1986, the Shenandoah city council renamed Tamina School Road...",shenandoahtx.us,Public Sector,http://lockbitapt2d73krlbewgv27tquljgxr33xbwwsp6rkyieto7u4ncead.onion/post/Jk0hMkdkWMqCQvut65aa926a87bbf,2024-01-22 02:52:39.915912,True
Waterford Country School Inc,incransom,2024-01-29 14:55:09.533832,US,For 100 years Waterford Country School has worked to meet the special needs of children and families at risk. Our services and programs have evolved with the transitions that life and community...,waterfordcountryschool.org,Not Found,http://incapt.blog/blog/leak/837D7A1BA838A2AF,2024-01-29 14:55:09.867573,True
Castilleja School,akira,2024-01-29 17:58:49.713003,US,Castilleja School is an independent school for girls in grades six through twelve. We are going to upload about 10GB of data containing various files containing education process and administrative information. Numerous files with information about students.,castilleja.org,Not Found,,2024-01-29 17:58:49.770796,True
Grace Lutheran Foundation,alphv,2024-02-09 17:32:19.123456,US,"Grace Lutheran Foundation Inc. is an organization who offers many areas of care for seniors including: Independent apartments for seniors, Assisted Living, Adult Day Services, Memory Care, Short -term Rehabilitation, Skilled Nursing and School aged childcare program.  The Grace Lutheran Communities network had been breached recently by our organization. As a result over 70GB of data leaked from there.   After a few weeks of negotiations Grace Lutheran Communities refused to protect data of its employees and patients/customers unfortunately. That is why these data is being shared right now to public for free. ",www.graceluthfound.com,Healthcare,http://alphvuzxyxv6ylumd2ngp46xzq3pw6zflomrghvxeuks6kklberrbmyd.onion/35a1f39c-2aee-4a97-b878-56c747bd68ff,2024-02-09 17:50:15.916790,True
grotonschools.org,lockbit3,2024-02-12 07:19:00.000000,US,"grotonschools.orgGroton Public Schools (GPS, Groton School District) is a school district in New London County, Connecticut based in the city of Groton, Connecticut, United States. The Groton Public School District services approximately 4,000 stud...",grotonschools.org,Public Sector,http://lockbitapt2d73krlbewgv27tquljgxr33xbwwsp6rkyieto7u4ncead.onion/post/AU7D2juS0OMZmtGU65c9c66df16cf,2024-02-12 10:34:42.223087,True
robs.org,lockbit3,2024-02-12 07:16:00.000000,US,"River Oaks Baptist School is a private Christian school with grades Preschool-8 in the heart of Houston, Texas",robs.org,Public Sector,http://lockbitapt2d73krlbewgv27tquljgxr33xbwwsp6rkyieto7u4ncead.onion/post/yZW5mkd5dJB8HJTu65c9c5ac2c91e,2024-02-12 10:35:46.841600,True
Nekoosa School District,akira,2024-02-14 17:56:17.737386,US,"Nekoosa School District is a public school district located in NEKOOSA, WI. Files of this district will be available for downloading soon. Some personal information of staff and students can be found inside. Addresses, phone numbers, scans of documents and so on.",nekoosa.k12.wi.us,Public Sector,,2024-02-14 17:56:17.815306,True
River Delta Unified School District,meow,2024-02-20 00:00:00.000000,US,FREE,,Public Sector,http://meow6xanhzfci2gbkn3lmbqq7xjjufskkdfocqdngt3ltvzgqpsg5mid.onion/story/river-delta-unified-school-district,2024-02-20 19:15:46.260395,True
Family Health center,alphv,2024-02-23 20:48:50.123456,US,"Since Moses L. Walker and his colleagues opened the doors for the first time in 1971, Family Health Center (FHC) has been serving community members who are in need of quality and compassionate healthcare. From humble beginnings in a converted trailer to the current state-of-the-art $10 million facility on the same plot of land at the corner of Paterson and Burdick Streets, FHC has become the county’s only Federally Qualified Health Center (FQHC). FHC has also been accredited as a community-based health center by the National Committee for Quality Assurance for over a decade.  What began as a group of dedicated community advocates, volunteer doctors, nurses and assistants is now, more than 53 years later, one of Michigan’s most highly recognized FQHCs. Our team offers comprehensive health services at three locations, with an additional set of mobile health and dental units. Our staff administers approximately 165,000 patient visits annually as part of our commitment to serve the community members of Kalamazoo.  Our leadership and staff at FHC are also passionate about community engagement. Our annual events include the Dr. Lisandra Soto Dental Day of Caring and Back to School Bash. FHC also provides Medical Assistant training to community members interested in pursuing this career path.  One of the hallmarks of FHC is our compassionate staff. We are grateful to all our team members who remain dedicated to honoring Mr. Walker’s legacy and mission of keeping our community members healthy and strong. As we continue our mission to provide quality health care to everyone, we remember our promise to treat our patients with dignity and respect.",fhckzoo.com,Healthcare,http://alphvuzxyxv6ylumd2ngp46xzq3pw6zflomrghvxeuks6kklberrbmyd.onion/eec048cb-5ced-4ed4-8763-f2eb39dd042d,2024-02-23 22:19:23.575570,True
PEDDIE.ORG,clop,2024-02-26 22:10:35.085251,US,Co-Ed Boarding & Day School in NJ - The Peddie School,www.PEDDIE.ORG,Not Found,http://santat7kpllt6iyvqbr7q4amdv6dzrh6paatvyrzl7ry3zm72zigf4ad.onion/peddie-org,2024-02-26 22:10:35.085279,True
Orange Public School District,incransom,2024-02-28 05:55:54.792660,US,Vision The Orange Public School District commits to provide a safe and caring environment where each student is expected to grow and succeed. We pledge to prepare all students with equitable...,,Public Sector,http://incblog7vmuq7rktic73r4ha4j757m3ptym37tyvifzp2roedyyzzxid.onion/blog/leak/7F86798BA1BB64BD,2024-02-28 05:55:54.920438,True
central.k12.or.us,lockbit3,2024-03-05 12:36:00.000000,US,"Monmouth Elementary School is a company that operates in the Education industry. It employs 51-100 people and has $10M-$25M of revenue. The company is headquartered in Monmouth, Oregon.",central.k12.or.us,Public Sector,http://lockbit3olp7oetlc4tl5zydnoluphh7fvdt5oa6arcp2757r7xkutid.onion/post/CUb7k0lD80FA1ubC65e6b55f4767f,2024-03-05 14:49:58.359155,True
Judge Rotenberg Center,blacksuit,2024-03-13 11:55:57.570449,US,The JUDGE ROTENBERG CENTER (JRC) is a special needs day and residential school located in Canto,judgerc.org,Healthcare,http://weg7sdx54bevnvulapqu6bpzwztryeflq3s23tegbmnhkbpqz637f2yd.onion/?id=U9GVrOdv67UKuV0T,2024-03-13 11:55:57.570474,True
dhanisisd.net,lockbit3,2024-03-06 00:00:00.000000,US,"D'Hanis Independent School District is a public school district in Texas.You can contact the main system administrator on the contacts below, waiting for an answer can take some time from 1 minute to several days depending on the workload.Conta...",dhanisisd.net,Education,http://lockbit3olp7oetlc4tl5zydnoluphh7fvdt5oa6arcp2757r7xkutid.onion/post/OUdpbFCPkyS0fPd665f2e9f0e30bf,2024-03-14 13:16:10.403374,True
South St Paul Public Schools,blacksuit,2024-03-15 11:48:50.477195,US,South St Paul Public Schools is a company that operates in the Education industry. It employs 251-500 people and has $25M-$50M of revenue.,www.sspps.org,Public Sector,http://weg7sdx54bevnvulapqu6bpzwztryeflq3s23tegbmnhkbpqz637f2yd.onion/?id=3MsgUJjxz5gyfB1m,2024-03-15 11:48:50.477218,True
Burnham Wood Charter Schools,qilin,2024-03-25 16:19:46.388691,US,"Burnham Wood Charter Schools provides a variety of sports at the elementary, middle, and high school levels.",burnhamwood.org/,Public Sector,,2024-03-25 16:19:46.388718,True
Traverse City Area Public Schools ,medusa,2024-04-13 15:44:28.123450,US,"Traverse City Area Public Schools is a public school district based in Traverse City, Michigan, United States. This district includes 10 elementary schools, 2 middle schools, 2 high schools, 1 alternative high school, and 1 Montessori school. The district serves 8,908 students. Traverse City Area Public Schools school district office is located in 412 Webster St Rm C, Traverse City, Michigan, 49686, United States and has 932 employees.  The total amount of data leakage is 1.2 TB",,Public Sector,http://medusaxko7jxtrojdkxo66j7ck4q5tgktf7uqsqyfry4ebnxlcbkccyd.onion/detail?id=8095908ad5c2f233ab4fdfa4505e7b84,2024-04-14 13:08:37.121280,True
Fullington Trailways,dragonforce,2024-04-15 19:19:14.893814,US,"Fullington Auto Bus Co. Inc. provides transportation services. It offers intercity scheduled line run services from central Pennsylvania to destinations in Pittsburgh, Harrisburg, and Wilkes-Barre, Pennsylvania; and Buffalo, New York. The company also provides round trip transportation, limousines, VIP cruises, and school bus contracting services, as well as gift cards. Fullington Auto Bus Co. Inc. was founded in 1908 and is based in Clearfield, Pennsylvania. As of September, 2009, Fullington Auto Bus Co. Inc. operates as a subsidiary of RATP Développement.",fullingtontours.com,Transportation/Logistics,,2024-04-15 21:22:51.185575,True
Delano Joint Union High School District,incransom,2024-04-17 17:51:33.471408,US,"The Delano Joint Union High School District is a District of rich tradition, high expectations, and a century of outstanding achievement.  Delano High School began in 1911 with fourteen students and...",www.djuhsd.org/,Public Sector,http://incblog7vmuq7rktic73r4ha4j757m3ptym37tyvifzp2roedyyzzxid.onion/blog/leak/4E95F366C5E18FFB,2024-04-17 17:51:33.665418,True
pittsburg.k12.ca.us,dispossessor,2023-06-06 20:31:00.000000,US,"Pittsburg Unified School District is a public school district based in Contra Costa County, California, United States usd250.k12.ks.us\sql_admin:PeekABoo",pittsburg.k12.ca.us,Public Sector,https://dispossessor.com/blogs/771,2024-04-19 10:11:16.841367,True
sbhc.us,dispossessor,2023-04-19 10:02:00.000000,US,"Southwest Behavioral Health Center (SBHC), created in 1986, is a public provider of comprehensive, integrated mental health and addiction services, offering outpatient, residential, school-based, and community-based programs and services to individua...",sbhc.us,Healthcare,https://dispossessor.com/blogs/670,2024-04-19 10:42:51.240989,True
colonial.edu,lockbit3,2024-05-01 07:45:00.000000,US,"The Colonial School District draws approximately 5,400 students from the Borough of Conshohocken, and the Townships of Plymouth and Whitemarsh in Montgomery County, Pennsylvania, just northwest of Philadelphia.",colonial.edu,Education,http://lockbit3753ekiocyo5epmpy6klmejchjtzddoekjlnt6mu3qh4de2id.onion/post/8RqJa3ECTPUyr2qM6631f3119fd2e,2024-05-01 10:22:44.258379,True
evw.k12.mn.us,lockbit3,2024-03-23 00:00:00.000000,US,"The EVW School District prides itself in having schools that have earned a positive reputation for high standards and rigor in academics, arts, and athletics.",evw.k12.mn.us,Public Sector,http://lockbit3olp7oetlc4tl5zydnoluphh7fvdt5oa6arcp2757r7xkutid.onion/post/hVUtjIAyv5cnkBat663c9bf78532e,2024-05-09 12:52:56.349824,True
colonialsd.org,lockbit3,2024-04-26 00:00:00.000000,US,https://mega.nz/folder/l60i2aLR#1pTmoxhVwJrSvVhJ1V3F5g We are publishing sample partial (~50GB) from the data of Colonial School District. We have more 500GB available to sell. Contact us for a deal before 26th May with offers. If we do not receiv...,colonialsd.org,Public Sector,http://lockbit3olp7oetlc4tl5zydnoluphh7fvdt5oa6arcp2757r7xkutid.onion/post/aXK1ipi8pMYbuWT2663dbf52ae7f7,2024-05-10 08:27:54.196979,True
hesperiausd.org,lockbit3,2024-05-13 14:29:00.000000,US,Hesperia Unified School District was formed in 1987. Hesperia Unified School District serves the City of Hesperia and adjacent areas in the High Desert of San Bernardino County and covers 140 square miles.,hesperiausd.org,Public Sector,http://lockbit3olp7oetlc4tl5zydnoluphh7fvdt5oa6arcp2757r7xkutid.onion/post/KaYsf1tilyyyA3Fr66422312ac970,2024-05-13 16:37:43.828961,True
district70.org,lockbit3,2024-05-15 14:47:00.000000,US,"Pueblo County School District 70 is located in beautiful Pueblo, Colorado, where the Fountain and Arkansas Rivers converge and the eastern foothills of the Rocky Mountains meet the Great Plains. Established in 1950 through the consolidation of 35 sma...",district70.org,Public Sector,http://lockbit3olp7oetlc4tl5zydnoluphh7fvdt5oa6arcp2757r7xkutid.onion/post/4df3z4xExhY1lnry6644c9e616a1d,2024-05-15 16:50:58.104323,True
Delano Adult School (DJUHSD.ORG),incransom,2024-04-17 16:42:27.193000,US,"The Delano Joint Union High School District is a District of rich tradition, high expectations, and a century of outstanding achievement.  Delano High School began in 1911 with fourteen students and two teachers.  Over 100 years later, our District serves more than 4200 students and employs over 400 dedicated employees.  Cesar E. Chavez opened its doors in 2003 and Robert F. Kennedy, our newest school, began in 2008.   In addition, we have an alternative site, Valley High School, and an adult education agency which serves over 1200 students from Delano and the outlying area.  Our schools are all high achieving schools.  Both Delano High School and Cesar E. Chavez High School were named as California Distinguished Schools in 2011 and again in 2019.  All three comprehensive sites have been named by U.S. News and World Report as Americaâ€™s Best High Schools, either at the Silver or Bronze level; Cesar E. Chavez is a Title 1 Academic Achievement Award winner, as well as a National Title 1 Distinguished School.  Valley High School was recently named as a Model Continuation School.  In 2019, the Delano Joint Union High School District was recognized as a California Exemplary District.",,Public Sector,http://incblog6qu4y4mm4zvw5nrmue6qbwtgjsxpw6b7ixzssu36tsajldoad.onion/blog/disclosures/661ffbf35d7bceeb5660355b,2024-05-20 09:57:33.314536,True
Cressex Community School,ransomhouse,2024-03-25 00:00:00.000000,US,"High educational achievement and a positive attitude to learning are keys to lifetime success.  At Cressex Community School we firmly believe that high achievement for each student is our shared responsibility.  As a team of staff, we aim to ensure that everyone in the school is able to achieve to her or his full potential and, we hope, to discover new skills and talents too. We want our learners to be happy, confident and to have high aspirations for themselves. We believe in strong home-school links to ensure the right support is available in school and at home.",www.cressex.org,Public Sector,http://zohlm7ahjwegcedoz7lrdrti7bvpofymcayotp744qhx6gjmxbuo2yid.onion/r/3ec7f7196f7775e55e078afa44f52545a50a241c,2024-05-22 16:35:28.432259,True
colfax.k12.wi.us - $150.000,blacksuit,2024-04-25 00:00:00.000000,US,,www.colfax.k12.wi.us,Public Sector,http://weg7sdx54bevnvulapqu6bpzwztryeflq3s23tegbmnhkbpqz637f2yd.onion/?id=nmbWBV7pk7juw51l,2024-05-24 03:59:02.365696,True
Crandall ISD (CISD.crandallisd.org),incransom,2024-05-20 13:40:31.828000,US,"Crandall Independent School District is a 4-A school district fully accredited by the Texas Education Agency. CISD serves students in Pre-Kindergarten through 12th grade and is located in Crandall, Texas in the southwest portion of Kaufman County.",crandallisd.org,Public Sector,http://incblog6qu4y4mm4zvw5nrmue6qbwtgjsxpw6b7ixzssu36tsajldoad.onion/blog/disclosures/664b52cfb24e38251bc510c6,2024-05-25 09:29:56.513957,True
Parrish-McCall Constructors,dragonforce,2024-06-08 15:34:05.632264,US,"Parrish-McCall Constructors is a full-service commercial construction company based in Gainesville, Florida that provides services in General Contracting, Design-Build, and Construction Management. We specialize in K-12 education, healthcare, higher education, government, and commercial construction for both public and private clients. Formed in 1968 as M.M. Parrish Construction Company, Parrish-McCall continues to be a relationship based construction firm whose primary goal is to build lasting relationships with clients by delivering quality and value through an open, transparent process. ",parrish-mccall.com,Construction,,2024-06-08 15:41:37.290982,True
CONTROLNET,incransom,2024-05-29 08:58:05.696000,US,"Where Smart Buildings Are Built ControlNET has earned the reputation as one of the most proficient system integrators in the region. With exceptional and responsive customer service, we create building management systems to analyze deficiencies, find solutions, and save energy.   Our goal is to increase comfort and security while optimizing operational costs.  This company has taken very poor care of the data entrusted to them by its customers. In the course of a successful attack, we stole a huge amount of data. We also attacked the clients of this company ROCKFORD SCHOOL. Which we have access to thanks to CONTROL NET.",,Technology,http://incblog6qu4y4mm4zvw5nrmue6qbwtgjsxpw6b7ixzssu36tsajldoad.onion/blog/disclosures/6656ee1db24e38251bd018f7,2024-06-10 02:04:52.734304,True
Rockford Public School District,incransom,2024-05-30 10:37:41.333000,US,"In the course of successful work with this company, we have more than 1.5 TB of data in our hands. Data on students, passports of employees and students. Data on all incidents in recent years. All financial documents, all mail correspondence. And much, much more. In case of refusal to agree, all information will be published.",rps205.com,Public Sector,http://incblog6qu4y4mm4zvw5nrmue6qbwtgjsxpw6b7ixzssu36tsajldoad.onion/blog/disclosures/665856f5b24e38251bd20aef,2024-06-10 02:05:31.053100,True
colfax.k12.wi.us,blacksuit,2024-04-25 00:00:00.000000,US,,www.colfax.k12.wi.us,Public Sector,http://weg7sdx54bevnvulapqu6bpzwztryeflq3s23tegbmnhkbpqz637f2yd.onion/?id=nmbWBV7pk7juw51l,2024-06-16 18:13:00.722994,True
DERBY SCHOOL,incransom,2024-06-11 05:30:01.879000,US,"Welcome to the Upper Darby School District, home of the Royals!  Located just outside of Philadelphia, we are one of the largest township school districts in the United States, educating over 12,000 students every day, who represent over 60 countries and 70 languages!  From celebrations to graduations, there's always something exciting happening in one of our fourteen schools, as we strive to provide opportunity, create unity, and showcase our excellence here at the Upper Darby School District!",upperdarbysd.org,Public Sector,http://incblog6qu4y4mm4zvw5nrmue6qbwtgjsxpw6b7ixzssu36tsajldoad.onion/blog/disclosures/6667e0d93547f22b7c469e58,2024-06-19 11:42:48.026583,True
West Allis-West Milwaukee School District,fog,2024-07-11 00:00:00.000000,US,"9,5 GB",,Public Sector,http://xbkv2qey6u3gd3qxcojynrt4h5sgrhkar6whuo74wo63hijnn677jnyd.onion/posts/668e85ee7b58c0b6d888859e/,2024-07-16 21:42:34.543302,True
Alvin Independent School District,fog,2024-07-04 00:00:00.000000,US,60GB,,Public Sector,http://xbkv2qey6u3gd3qxcojynrt4h5sgrhkar6whuo74wo63hijnn677jnyd.onion/posts/6686af377b58c0b6d88884b2/,2024-07-16 21:43:01.184921,True
norton.k12.ma.us,lockbit3,2024-07-17 12:39:00.000000,US,"Norton High School is a company that employs 250to499 people and has 25Mto50M of revenue. The company is headquartered in Norton, Massachusetts.",,Public Sector,http://lockbit3753ekiocyo5epmpy6klmejchjtzddoekjlnt6mu3qh4de2id.onion//post/YW26QZ8DKmIlQTFc6697bb40cfdfd,2024-07-19 09:30:20.890463,True
www.chsd117.org,blacksuit,2024-07-30 13:42:20.641505,US,"Community High School District 117, being a community of learners with a vision of excellence, is committed to providing an educational experience that encourages all learners to develop to their fullest potential, to engage in lifelong learning, and to be responsible members of society.",www.chsd117.org,Public Sector,http://weg7sdx54bevnvulapqu6bpzwztryeflq3s23tegbmnhkbpqz637f2yd.onion/?id=ij7jzbDpvjhFZPVP,2024-07-30 13:42:21.462631,True
fremontschools.net,lockbit3,2024-05-13 00:00:00.000000,US,"Fremont Ross High School is a public high school in Fremont, Ohio, United States. It is the only high school in the Fremont City School District, and one of two high schools in Fremont, the other being Saint Joseph Central Catholic High School. The s...",fremontschools.net,Public Sector,http://lbb6ud2vyf23z4hw6fzskr5gru7eftbjfbd6yzra3hzuqqvjy63blqqd.onion//post/0eBBOZcJ7RhZyGuQ66b8498a03bfd,2024-08-11 07:52:44.274655,True
bedford.k12.oh.us,ransomhub,2024-08-12 16:24:48.000000,US,,bedford.k12.oh.us,Public Sector,http://ransomxifxwc5eteopdobynonjctkxxvap77yqifu2emfbecgbqdw6qd.onion/da72ac9e-fbcd-4a06-9dd5-3ec1561b17fe/,2024-08-12 19:03:49.246440,True
ccsdschools.com,ransomhub,2024-07-18 00:00:00.000000,US,"Charleston County School District (CCSD) is a public school district in Charleston, South Carolina, dedicated to providing quality education to students from pre-kindergarten through 12th grade. It serves a diverse student population and focuses on academic excellence, innovative programs, and community involvement. The district aims to prepare students for future success through comprehensive educational opportunities.",ccsdschools.com,Public Sector,http://ransomxifxwc5eteopdobynonjctkxxvap77yqifu2emfbecgbqdw6qd.onion/e58ad551-a244-4724-bb3e-9433ba724e32/,2024-08-19 09:17:56.899246,True
schoolrush.com,killsec,2024-08-22 21:49:15.731546,US,"School Rush platform allows schools to publish personalized calendar of events to parents, send classroom pictures and activities to parents instantly, publish staff and student directories, and create notifications.",schoolrush.com,Technology,http://kill432ltnkqvaqntbalnsgojqqs2wz4lhnamrqjg66tq6fuvcztilyd.onion/post/xSA4WZHlY8jX9nPsSqGwmDb1z.php,2024-08-22 21:49:16.880527,True
cps-k12.org,ransomhub,2024-09-05 19:50:52.000000,US,"Cincinnati Public Schools (CPS) is a comprehensive public school district serving the city of Cincinnati, Ohio. It encompasses various elementary, middle, and high schools, providing education to a diverse student body. CPS is dedicated to fostering academic excellence, equity, and innovation, offering specialized programs and extracurricular activities to meet the needs and interests of its students.",cps-k12.org,Public Sector,http://ransomxifxwc5eteopdobynonjctkxxvap77yqifu2emfbecgbqdw6qd.onion/362b91ff-146c-4347-ae5d-193cb502fe30/,2024-09-05 21:45:43.034796,True
EAGLE School,qilin,2024-08-13 00:00:00.000000,US,"EAGLE School is an independent, kindergarten through eighth grade school dedicated to serving gifted and talented students.
We focus on providing a challenging academic curriculum along with supportive social-emotional guidance. All classes             ...",www.eagleschool.org,Public Sector,http://kbsqoivihgdmwczmxkbovk7ss2dcynitwhhfu5yw725dboqo5kthfaad.onion/site/view?uuid=7f05576b-6670-3a68-b934-79a3f9be28e6,2024-09-15 15:33:22.223283,True
Providence Public School Department,medusa,2024-09-16 14:24:58.000000,US,"The Providence Public School Department is the administrative force behind the primary public school district of Providence, Rhode Island. It serves about 21,700 students in pre-K through 12th grade. It has 21 elementary schools, seven middle schools and nine high schools, along with two public charter schools. The total amount of data leakage is 201.40 GB ",providenceschools.org,Public Sector,http://cx5u7zxbvrfyoj6ughw76oa264ucuuizmmzypwum6ear7pct4yc723qd.onion/detail?id=945a2abdbd123b24a588ff3ce7117833,2024-09-18 14:01:16.635425,True
Shenango Area School District,rhysida,2024-09-26 21:06:21.837005,US,"Shenango Area School District The Shenango Area School District is located in southern Lawrence County, conveniently situated 45 miles north of Pittsburgh and 90 miles south of Erie.  The district encompasses 25 square miles, which includes both Shenango Township and South New Castle Borough.    More",,Public Sector,http://rhysidafohrhyy2aszi7bm32tnjat5xri65fopcxkdfxhi4tidsg7cad.onion/archive.php?company=134,2024-09-26 21:06:22.721462,True
"Orbit Software, Inc.",dragonforce,2024-10-08 06:56:40.422159,US,"Orbit Software specializes in providing user friendly, cutting edge software programs for generating and managing school bus routes.  We also provide hardware used for GPS tracking of vehicles & students.",www.busboss.com,Technology,,2024-10-09 09:29:00.605537,True
www.chiltonisd.org,ransomhub,2024-10-17 12:49:37.000000,US,"Chilton Independent School District is an educational organization located in Chilton, Texas. It serves the local community by providing K-12 education. The district is committed to fostering a supportive and challenging learning environment, aiming to empower students with the essential skills and knowledge for future success. Chilton ISD emphasizes academic excellence, extracurricular engagement, and community involvement.",www.chiltonisd.org,Public Sector,http://ransomxifxwc5eteopdobynonjctkxxvap77yqifu2emfbecgbqdw6qd.onion/2d2de1cc-e32c-485a-b5a7-8f42f59e996f/,2024-10-17 15:19:39.561530,True
rcschools.net,blacksuit,2024-10-19 21:08:45.630409,US,"RCSchools.net represents Rutherford County Schools, a public school district in Tennessee. The district serves a diverse student population, providing education from pre-kindergarten through 12th grade. It emphasizes academic excellence, innovative teaching, and community involvement. The district offers various programs, including advanced academics, arts, and athletics, to support student development and success.",www.rcschools.net,Public Sector,http://weg7sdx54bevnvulapqu6bpzwztryeflq3s23tegbmnhkbpqz637f2yd.onion/?id=abuaVzFuQcL2lSXA,2024-10-19 21:08:47.400657,True
Goshen Central School District (gcsny.org),fog,2024-10-23 00:00:00.000000,US,10 GB,gcsny.org,Public Sector,http://xbkv2qey6u3gd3qxcojynrt4h5sgrhkar6whuo74wo63hijnn677jnyd.onion/posts/6718f827ffa6d0708588bc99/,2024-10-23 14:30:47.971586,True
Evergreen Local School District (evgvikings.org),fog,2024-10-25 00:00:00.000000,US,"5,1 GB",evgvikings.org,Public Sector,http://xbkv2qey6u3gd3qxcojynrt4h5sgrhkar6whuo74wo63hijnn677jnyd.onion/posts/671b87eaffa6d0708588beb9/,2024-10-25 13:10:45.581201,True
Mastery Schools,dragonforce,2024-10-25 20:09:19.600563,US,"Founded in 2001, Mastery Charter Schools is a charter school network in Philadelphia, Pennsylvania and Camden, New Jersey.",www.masterycharter.org,Education,,2024-10-29 04:39:37.350660,True
Jordan Public Schools (https://www.jordan.k12.mn.us/),fog,2024-10-29 00:00:00.000000,US,11 GB,jordan.k12.mn.us,Education,http://xbkv2qey6u3gd3qxcojynrt4h5sgrhkar6whuo74wo63hijnn677jnyd.onion/posts/6720d8b8ffa6d0708588c0fb/,2024-10-29 13:43:35.442709,True
Spirit Lake Community School District,medusa,2024-10-29 15:19:44.000000,US,"The Spirit Lake Community School District is a rural public school district based in Spirit Lake, Iowa, United States. The district includes three schools: Spirit Lake High School, Spirit Lake Middle School, Spirit Lake Elementary School. At the beginning of 2024, the number of students enrolled was 1304 people, the number of teachers was 100 people.",spirit-lake.k12.ia.us,Education,http://cx5u7zxbvrfyoj6ughw76oa264ucuuizmmzypwum6ear7pct4yc723qd.onion/detail?id=786a0ce739f4bd3b058bd9b9626e1515,2024-10-29 21:52:42.689830,True
Cape Cod Regional Technical High School (capetech.us),fog,2024-11-06 00:00:00.000000,US,6 GB,,Education,http://xbkv2qey6u3gd3qxcojynrt4h5sgrhkar6whuo74wo63hijnn677jnyd.onion/posts/672b7b7affa6d0708588c284/,2024-11-06 15:17:15.137363,True
Winnebago Public School Foundation,interlock,2024-11-07 11:14:04.839051,US,"Winnebago Public School Foundation Inc is a company that employs 20 to 49 people and has 1Mto5M of revenue. The company is headquartered in Winnebago.
							In your disposition , personal data of employees and students, SQL databases.",winnebagopublicschools.org,Education,http://ebhmkoohccl45qesdbvrjqtyro2hmhkmh6vkyfyjjzfllm3ix72aqaid.onion/leaks.phphttp://hp4fxytyky26q3kpgqlhewhrazaag5wg4jsaiwxlv3lkd7r7rmsamqyd.onion/index.php?p=,2024-11-07 11:14:06.006864,True
Granite School District,rhysida,2024-09-20 00:00:00.000000,US,"Granite School District The Granite School District is a public school district spread across central Salt Lake County, Utah, serving West Valley City, Millcreek, Taylorsville, South Salt Lake, and Holladay; Kearns and Magna Townships; and parts of West Jordan, Murray and Cottonwood Heights.",graniteschools.org,Education,,2024-11-09 10:50:36.416814,True
marysville.k12.oh.us,blacksuit,2024-10-28 00:00:00.000000,US,"[AI generated] Marysville.k12.oh.us is the domain for the Marysville Exempted Village School District located in Marysville, Ohio. The district serves a diverse student population with a focus on providing quality education through various academic programs, extracurricular activities, and community involvement. It emphasizes innovation, technology integration, and personalized learning to prepare students for future success.",www.marysville.k12.oh.us,Education,http://weg7sdx54bevnvulapqu6bpzwztryeflq3s23tegbmnhkbpqz637f2yd.onion/?id=s0WkNH5bav4Xvlf7,2024-11-15 19:01:24.117850,True
bartow.k12.ga.us,chort,2024-11-17 10:24:16.875786,US,Status: Published - details:  Databases + Files of This Company ,,Education,http://hgxyonufefcglpekxma55fttev3lcfucrf7jvep2c3j6447cjroadead.onion/comp/bartow.k12.ga.us/index,2024-11-17 10:24:17.402365,True
Burkburnett Independent School District,fog,2024-11-19 00:00:00.000000,US,1 GB,,Education,http://xbkv2qey6u3gd3qxcojynrt4h5sgrhkar6whuo74wo63hijnn677jnyd.onion/posts/673cb439ffa6d0708588c4c5/,2024-11-19 18:09:39.421375,True
Bishop Ireton High School,rhysida,2024-11-20 20:17:15.199978,US,"Bishop Ireton High School Bishop Ireton High School, a Catholic preparatory high school located in historic Alexandria, Va., began its proud heritage of academic excellence in 1964.",bishopireton.org,Education,,2024-11-20 20:17:16.695727,True
maynard.k12.ma.us,ransomhub,2024-11-25 16:04:29.000000,US,"[AI generated] Maynard.k12.ma.us is the official website for the Maynard Public Schools, a school district in Maynard, Massachusetts. The district oversees public education for the town, offering educational programs from kindergarten through high school. It focuses on fostering a supportive learning environment, emphasizing academic excellence, community involvement, and student development.",k12.ma,Education,http://ransomxifxwc5eteopdobynonjctkxxvap77yqifu2emfbecgbqdw6qd.onion/e08ac702-da22-4ed7-a4b9-1b6d575c2962/,2024-11-25 16:43:26.701233,True
isd109.org,ransomhub,2024-11-25 14:53:12.000000,US,"[AI generated] isd109.org is the website for Winthrop Harbor School District 109, located in Winthrop Harbor, Illinois. The district serves the educational needs of students in the community, offering programs from early childhood through middle school. It emphasizes a supportive learning environment, with a focus on academic excellence, character development, and community engagement. The district is committed to providing quality education and fostering growth for all students.",isd109.org,Education,http://ransomxifxwc5eteopdobynonjctkxxvap77yqifu2emfbecgbqdw6qd.onion/421b8b1c-1ed6-4a20-97ad-4be946eef799/,2024-11-25 16:57:34.429242,True
Vermilion Parish School System,rhysida,2024-11-27 06:17:21.049603,US,"Vermilion Parish School System Vermilion Parish School Board is a school district headquartered in Abbeville, Louisiana, United States. It was established in 1876.    More",vpsb.net,Education,http://grhysidafc6lm7qa2mkiukbezh7zuth3i4wof4mh2audkymscjm6yegad.onion/archive.php?company=146,2024-11-27 06:17:21.938142,True
Grandview School District,blacksuit,2024-10-08 00:00:00.000000,US,"The Grandview School District, with families and the community, will put students first by providing a high-quality education. GSD will nurture and empower each student to reach their full potential. We commit to empower each student to reach their full potential by ¡cultivating una cultura de success! The Grandview School District consists of three elementary schools, one middle school, one high school, and a contract learning center.",www.gsd200.org,Education,http://weg7sdx54bevnvulapqu6bpzwztryeflq3s23tegbmnhkbpqz637f2yd.onion/?id=qRTUFkTfZLkSHKEi,2024-11-27 20:45:49.855226,True
elwood.k12.in.us,safepay,2024-11-28 08:13:22.870551,US,Revenue $5 Million,elwood.k12.in.us,Education,,2024-11-28 08:13:24.088553,True
Bedminster School (bedminsterschool.org),fog,2024-11-28 12:51:41.306124,US,,bedminsterschool.org,Education,http://xbkv2qey6u3gd3qxcojynrt4h5sgrhkar6whuo74wo63hijnn677jnyd.onion/posts/674856b6ffa6d0708588ca3e/,2024-11-28 12:51:42.334540,True
www.d47.org,ransomhub,2024-10-31 19:10:42.000000,US,"[AI generated] www.d47.org is the website for Crystal Lake Elementary District 47, a public school district serving Crystal Lake and parts of Lakewood and Lake in the Hills in Illinois. The district provides education for students in kindergarten through eighth grade. It focuses on fostering a supportive and inclusive environment, emphasizing academic excellence, and offers various programs to support student development and community engagement.",d47.org,Education,http://ransomxifxwc5eteopdobynonjctkxxvap77yqifu2emfbecgbqdw6qd.onion/6870f330-1905-4a32-89f9-b0bd8a3b9200/,2024-12-04 14:46:52.959999,True
Rutherford County Schools,rhysida,2024-12-11 11:30:47.696166,US,"Rutherford County Schools Rutherford County Schools is a school district based in Murfreesboro, Tennessee, United States.",rcschools.net,Education,,2024-12-11 11:30:48.087903,True
